499,5A63555038o4746788j4107093r80156j686470K135620K788543j753723j535247
514,9H3669724J277778J566406J345833J820366K85301k059852j124596J917954K627685
532,3I1326599K59995j886361j717178k52502O08162J00631j012039j511764j178955
549,6H4736588q56057j122810j475464j144485n16144q61717k347451l827118n117988
567,F7467354o692913o442585j404324O290375J0686970R321937N554901K813019Q99056
584,3H8493790q80829j820374j881660k426628l628601l226075J33461M091118N335373
601,7H4189575L743942J812378R81278O86706L27752O1218j17485m03260n65429l82157
621,I0334518j31729o4224j205K07489L02581M8775k72972k89474k45598m59397n63789
642,2H8864975l98056o94931j658714j914864l58719J765305K254043J148369J61919
659,5H9169327j7410n684j45768k24212j82907k07955k32727j88515j63612j72859
678,8H7627678j89911k84813l99460l91220m01054n77996p31025p94785r77287j231857
698,1H1648270j600510k713249m451317m828140k160553K023697L824775J056183l693954
715,5F9105202m835869M2755O459106Q143410M884896Q71337j979911l736992k965363
732,8G5988571Q64372M240929L867333J337509j08010k35023m26026q05923r60297
750,2H3763435j137123j516044j868554k208984k747085l512619m622109o224476p675884
767,5E2250557p420002m281292J202217O916096J0590309J1097950Q892128N640945
783,H4888908L078988J793594J236542Q28842N18745L32527J40190n7151j71372k58415
802,2I2331398l45337l84346n61546j027779j265098n79094P07771J457924J194061
819,6I1527954N52200K04049J16905O48j86729l65791n26558p06124j026657j567184
838,9H8022713j933571j409386J5305J286491J487229Q42147P3449n19379q45795o33438
858,2H6385765J55281R74327J191132P39487R4329l37806o94374j336144k026298j916138
877,5H3229561o55548R72732J932625K003151J604576J056183M73785N3254q5610j83548
896,7I0401161m86313q31802j203125k167107l606315l681359r47807K878128M513985
914,1H4869446L263862J327752L54438o33l79875p51663j094620j610832k408371l559624
933,4H0009880m739242m612519j936950K277320N104027M842499K618706L92029j209244
950,7H2746506k202812j890267J09825K361573K975013J901825L83118q97644j574021
968,1H3913116q83842J063309K564850K340751J122315K57164j7640j64787l40889
985,4H9854347m69276o61583j089569j566490j526215p42065o722m58923j992623k967926
1004,7G8372955j988746L42971J994339J798874M85917p52411j542397j611511l74474
1022,1G6725517J756020L106811K691063J196968k71988j213516j796448k743408m144676
1039,4G5306343m389801k260986M38781J219170R07135J970100M051056M655983L268578
1056,8H5166359J640167P31308j22215j349197k130143j434242M99306K067680J947006
1074,2H7016029N82810o28754j439972k811668m585922m564026j223519L479538N818894
1091,5H1643410M641960K196007O78230O6147m06792p92976j037575j408585j955963
1108,9H3623863k699592l975014n222664m324928j47866M930947P141067N624230K749046
1126,2H7699089O59378m04434p47498l23646N26413Q41926J00647j041794j461318
1143,6H5848763r04381k33025k95669j193383k591003l684891l129524n73296K125099
1160,9G5368690K971108K399513K017418K008217J658913J102325Q28247O52397K39724
1178,3H9246552m22043j350396k257652k209984p45521J139923K085831J926948J429154
1195,7H8842812J073310P79404M52110K01889O8230p2113k42996l53645n06051q55201
1214,9H9387749j112747q17498j79832L3287m92432j349380j979431j874550o38275
1232,3H0976891J350296K786720K740768J679444O69189J28998j49269l35991m86855
1249,6H9360191p88185j364700j850823j568138m56627M88747L77174k73696k75948
1267,H3647995N42358J303673J302635M81865p35534j453965q92456N18723J398590
1284,4H6113884J004181j55388j250389j950348k190628j716599n64567J23375q86185
1301,7G8527336k539413j931313J614395M937821N101143K951583J111733M67293K57888
1319,1I0498466m1259l09258m05716o09321j421181k469414k234009k76825J294343
1336,4H4025826N33668j156586j008819O73652J584641J145088O18729O55746O22383
1353,8H7694328J51047l25935n33982o61056q52722j069901j284256j512283j810555
1371,1G9794685k272293k885940l412461l379478k280983j19553K369614M049416M031555
1388,5G5894562K704536J219574k701j127983k064712k431923j985436p63847P36130
1405,9G2178200J873558K430496K409576J911736J221321N04639k54616j182976k522911
1423,2G8569023l891929l774872j251427J392014J485229r2834j099579q70461l44726
1440,6G0120438j48438p09396j920441j744408R98406L301720K303932j492256m093399
1457,9F6616158k155648J014427L513199M804337L765770J810913O52862O98441J660149
1475,3H2380608K403694K128921P75780q77075j687355r71108J220444L064064K787003
1492,6I1224976J546379P90802M93560K25098R6871J76338K28264Q9447q973m966p904
1513,8I4849892l266J4687J1963R659J5754n462l2662l9902m4693m5517l0349j9310
1537,I4680794l0518r8549k31704l07206k75619j93077j04393k9740n554m9240j09322
1558,2I3245872j68624k65297l44536m47724p10357r66408j024406j537476l028534
1575,6H4752510l804726j782501J482353L554238L298546J534515K84599K83997Q73657
1592,9I0477188J265732J147545P18017L58330J95496J00227J2169k0889r087P683
1612,2I4252411K6207J6792k9777k2683M5861P0778J2878m4243n8685o2752n2368k9419
1635,3I4125000n7121j09429q8279k7771n2193j89964k50695k12562k48848l28697
1654,6I2559441k32514p5470J0338N959l1945k0431j007q4595k73758m48654m85413
1675,8I0921951l24562j38840j19613l11905n33371n59212n56671o33629o88369p13585
1695,1H6342194q96904j269852j537499j599952j706757k095650k925407l975838m744995
1712,5F5589340n058967m719407k947521J24699L302719O071426P584938O920029N167854
1729,8H2035110L826348K827461J744453R47739N68474M03206L76785M01741L93356
1747,2I3524673L32886J91338K6718j6930O9718J53450J54991J44508J86096K32727
1766,5I5000175K21322J50398Q3046P4325P8896N1285J3275k0363n0484l6560L7178
1787,7I5602493R3125N2780m6684q4420l4408L8986N8777j473o3598o6300m0161l6507
1810,8I5472610o4979j02203r7710m112J23504J56769P4326p492q065L1220M6615K7695
1834,I5648178j2306n5115p7423q6136j14174j55342j63345j31020o9427L4828J65291
1855,2I4984009K42187J94657O2729k6001l0899l0411p5798j22414j34453j36062j08811
1876,4I4818733P530J65734K06375Q5220k5337K3735J37772J38717L0800p0450j16119
1897,6I5402710j10024o8946l0304j2131J0864K9038j9066j14815j47484q2626j6533
1918,8I4840683j2283q011Q758n4870j71807j65359k7924J8593p9742r4895N5153J65695
1942,I4473991J27251O1203q797j78657l41599k82051q3931l9062j62125j50047R1682
1963,2I3507858K58583J55808L1524J37948L02146K70768J18271M7454M5365j3405
1982,5I4862320j51718l07953l77121k61696L327K03735J58989k4903n4229J65756
2001,8I4216507L68713K84546L4500o0913L8384J32316R1248r0195k71240k13608N9052
2023,I4589310J47171j47293m17214k78198K0340Q2931J6930J10947K75512K46369L4607
2044,2I4681412j24794r2751M6425R1538m7272k11640j69990J6952M9553j16630j86394
2065,4I3936409k1431J66809K00134J30013M1321j7563J9493R5795J0589k32773l13987
2086,6I4014809o0761K40639K30324l6835k14027j65711q4465j07483j12564K3216
2105,9I3727142J85479J92398O2347m0764m1557j572J0086n562j1261J870R00m3587
2129,I4035919j15227j57898j23596l6865J5495K0073O4217J41807J25046M0512O8352
2150,2I4077835J52016L3165k72942m81804m75540l24676l7323K49969K61566O0761
2169,5I3243027K624J21468J66305J30577J59752J16188j35467k84783m7210K47848
2188,8I3720329J31272k48223l40294j3511L41652M01336J81397j32546l13934k19131
2208,1I3508347J5472J11336L6499k9038n8326j40206k05581j46538k3819O6688R8473
2229,3I3233307K1362j45195j97174k3216J82861K22908J39206P500j76071l00240
2248,6I2965248k06993L014Q0337J4794j1986K4910R758n8693r7504j07536j11290
2269,8I2504059o4629K8404O3073j4954j30783j85814j44287m2503L5835L9390J0567
2291,I2098358J671q224l8430n4489n2246o5392p1540m7394o9390j74644k24533j14311
2314,2I1179436K9541O6810M3595K9701R880J4824Q0070Q9524o4408k21771j96983
2335,4I1060219j12129j63681k80442k64137j11320O469M3335R9121K15546K54135
2354,7I0747116O3553j59592j22627N2864K0447j84845k48398j57951j41342k00684
2373,9H9668541j79604q8676k7283J5732Q1131J16737O3889m8134j65031k54143k65869
2395,2H8917290j91948j37886j87142k58697k44530j88011j83899k15996k23160k16163
2414,4H6869858k42699l06007l56491l33786k34139j35345j15876j76727k86880m32495
2433,7H4249413n80651o88507p76756q89229r64561q33321l71162L67607J141197J639381
2453,H2293411J681786J336204Q25379L69911J07460L0380k0683j81450l88214m91241
2472,3H5562943m79546m18846k72560n478K45872L44734L72025M51675N09736M21134
2491,6H6731689K29821N1582p6019j44821j53206j68526k51991l54470m17060m55079
2510,9H4991920m30549k33093Q6059K81159K43354J41022J07659M5249j20193k56592
2530,2H4855995k59758k24975k59690l36982l95417l93539k82646r5208K1439p416
2549,4H2621803r2483j36696j32218r8892o5422o0562m2198M7707J40228J14692r651
2570,6H2286308j10397j31493j11335j24375k24975l64632m01917k85583j34743p8140
2589,9H0318718j22032j93688k09159j37826p2738j45470l16795m07402l68111l11882
2609,2G8033615k76443k16004j83487k52891l25249k80563k08977k41837l13697l27416
2628,5G5407051l41118m10873m58740m36562m19350m59884n04814m95797m51103m44298
2647,8G0984512n14114n97229o04660n52879n13779m90715m49639l99452l38997k43492
2667,1F6279556j57913j59637k20841k67250l11409l85284m25835l50349j62213P3250
2686,4F3912075K82734M14406M80018N23888N39459M77135L22594J22207k5680k5238
2705,6F7023598R4749J76438J53915J67038L40271N84129P26876P15538O17729N25779
2724,9G1126060N04250N61638O56181P42989P71484O67977M25506J86203J14205K13684
2744,2G5970177L59428M45511M37958L69552L20221L26432L12370J96228J7380j30837
2763,5G8624420k23396k67395k36191j23939l205M8203M9659R1629K08107L32177M00863
2784,7G8900932M40903M85909M90959M16275L10592K22161J23283r849j16028j21865
2804,H1143272n2818j3740o3286j61492k51289l11447l02223j85593m1534o768p2891
2825,2G9680191j13029r7008j01570j46683j81870j84875j68556j48796j48621j82625
2844,5G8206558k36671k86751l16223l28598l48992l78692m13094n30647p54364p98569
2863,8G3813957l51227L15087N38879K00844j21910l9894K05421K94258K54616K14546
2883,1G5324577J71204J17165J13098J56776J64147J24404J33286K21100K68524J87256
2902,3G6981537P7782P4813J35743J41403J08627J26579J63185J12771r255p0381J3603
2923,6G7856407K15370M55437O38092O58699M74053K03186Q0513J87492K77687O7856
2942,8H1114792k92389l22510J32767O59859Q24073O67916N29594O02272Q06626R32716
2962,1H5655716Q33900N78362L77800L24867L21198K72491K09076J99425K58507L31230
2981,4H9362572L27987K27692J36551J46133J91018J73606J44471J82525K07428J23291
3000,7I1223274L3913O2126R8259J0017o9870J2558J13633M2121j13288j95801k13875
3021,9I1003067j61842L5682K81929L76664L28186K78320K35245J48369N9501J1376
3041,2I2596497P545Q2054K03308K28432J28700O5041J19331J92154J95183J30852
3060,5I3949097J8745r1598j27747r2926n1430k8915j4794J9906J20094K48695K70935
3081,7I4220062J67725Q7562Q5785N6877k0278m5983j1406Q415J8708O1874J17409
3102,9I4746750J64383K07214K00447J12206K7267L2791Q1887Q0940J9630l8795l1380
3124,1I5603340L1037M6859l3333q1214K3292J62041J46721J3817n4368p026N9158
3145,3I5910324O8947J8280o1958j13251q6098j0841J9043l4630q9905o5330k5475
3166,5I5529106p2052j32759p1114L8651K2751o6361m6318N6114R3438Q4663J18286
3187,8I5554405J49513J33095J32920J44599P4875l3073l5751O4605J50544J64497
3207,I6500229Q6380p4768j90514j50253n0781j5442M295M1672J7258k8756K5986R1660
3230,2I6256966J1947r6939o2568K4276M7173Q2863J46133R9426n5320j42289q5464
3251,4I6226204L5332J05812M7241q1009j03950P965R4680R5246R1026O2645n3040
3272,6I6528152j48056r7396J8310O7665M9149J4854q346q271m791j9104k0424m6j3061
3297,7I6358635n3337m2282J8097N1300L6438o630n9006o3469Q85M7119M5555Q4214
3320,8I6417519J14479l6972k61223k28417L3699J53847N1453K693N6854j0330j55991
3342,I6137611r2643J43203K11899M4457q8845o8550m6531r1263q8906O936Q9592O5124
3365,2I6222084l4508r5436n6526P393J0666K5009J39442K14287O4751j77872k23869
3386,4I6095421p6821K6124K0721L2883P6713K9297j18347k01111j10191M2686P7355
3407,6I5894730n684o7902q1528j27998j84158j47919l5469M9522P1267N1712L6293
3428,8I5452866Q7532J54373Q6197o1508l5340J50765J85157K839j16364m6852M6600
3450,I5906265O6124O4888N8975L7720L3539M0222J0056k3545K8672J51847J98403N6587
3473,2I6629753j74629k67296j46995L6109J35079J33446N0033p7110j37146q4808
3492,5I6096436j9906l135J4892L0388j0208m0207L9551J40907Q9058j07078k32918
3513,7I5997780j42029N3604J30867O5865M0832R8770Q0857k2713l5042M1428L5591
3534,9I6345810m6066n7190j3275j2146m013Q3473J75598J98791J53557j243k50191
3556,1I6573105l85658k24190R3094K56035J71279q140r9808q6128m2160k2148l8628
3577,3I6186653l3981M7539J37695J17210O11l3867N6686R2995k831q6609l6163M1069
3600,5I6487007J3596p2090j12702q2290N386J04980J29502N2665l4546m5066k4124
3621,7I6422318l5279l2081L8444J13243P6897l1868j29753j57265p7293N7960J45813
3642,9I6391136J44852P4562m0581j16150r5588j2200J26030J99890J3665k95792l09700
3664,1I6080124N5504L22746R3117k27394j44921N7556Q698q9455l6392M1771P0969
3685,3I6232323Q4602L9978n7732o3407j6587n0842j02593k3315J10519J12175J5007
3706,5I6280128n3497o4308l5934j0399j755M5753J43067J45958m8859k47658k01812
3727,7I5950684M1359K68890L24028J34140j38115k40089j86577j9791K21512L04359
3747,I6660400R2415k61726l26676m1519J61888R6352r8350j79032j05644M4845J69793
3768,2I6212746J28463n3604j49292o2988N2414K5650p2441n8365N2643R1804j5213
3789,4I6151817j48040j58967k2918J48811K28577J34765r4398k75032k62909o9809
3808,7I5631897J11565J55281J03172M9812P0847J45286J86554J46378N6358m7241
3828,I6609909j12076p5989l433n653m2061j8097j3214r8824j54670r0248K3201J29043
3851,2I6147888J75324N7930n7068k8580n142j21216j93771p248K23198J93268N691
3872,4I6390274o2347m5029l3531K9899J33530J50780P0770j4595q9607j58852j61522
3893,6I6209770o8764R4948K53861K05002j01250l09914k19742o1111k8435n1170l5294
3914,8I5887901K281N1369Q5839K3597q6052p5287L4737O7696J5770j8494m4479n6244
3937,9I5888634L1326J22520K3140j28768n6420J18118Q0712r1835q7578R6733J99890
3959,1I6196472J09261k5482l8506K8564M364j28311j85058r0699J0544K9381J1192
3980,4I5921722n5946j73195j81526k0554R3987L6110k2438J0155M302k8213
3999,6I5584404
